"name","latitude","longitude","elevation"
Aba,5.10658,7.36667,0
Abeokuta,7.15571,3.34509,0
Abidjan,5.35444,-4.00167,0
Abobo,5.41613,-4.0159,0
Abu Dhabi,24.4512,54.397,0
Abu Ghurayb,33.3056,44.1848,0
Abuja,9.05785,7.49508,0
Acapulco de Juarez,16.8494,-99.9089,0
Accra,5.55602,-0.1969,0
Adana,36.9861,35.3253,0
Addis Ababa,9.02497,38.7469,0
Adelaide,-34.9287,138.599,0
Aden,12.7794,45.0367,0
Agadir,30.4202,-9.59815,0
Agra,27.1833,78.0167,0
Aguascalientes,21.8823,-102.283,0
Ahmedabad,23.0258,72.5873,0
Ahvaz,31.319,48.6842,0
Ajman City,25.4018,55.4788,0
Ajmer,26.4521,74.6387,0
Aksu,41.1842,80.2792,0
Al Ahmadi,29.0769,48.0839,0
Al Basrah al Qadimah,30.5032,47.8151,0
Albuquerque,35.0845,-106.651,1511
Aleppo,36.2012,37.1612,0
Alexandria,31.2018,29.9158,0
Algiers,36.7323,3.08746,0
Al Hudaydah,14.7978,42.9545,0
Aligarh,27.8815,78.0746,0
Allahabad,25.4448,81.8432,0
Almaty,43.25,76.9167,0
Al Mawsil al Jadidah,36.3327,43.1055,0
Alvaro Obregon,19.3587,-99.2033,0
Amman,31.9552,35.945,0
Amravati,20.9333,77.75,0
Amritsar,31.6223,74.8753,0
Amsterdam,52.374,4.88969,0
Ankang,32.68,109.017,0
Ankara,39.9199,32.8543,850
Anqing,30.5137,117.047,0
Ansan-si,37.3236,126.822,0
Anshan,41.1236,122.99,0
Anshun,26.25,105.933,0
Antalya,36.9081,30.6956,0
Antananarivo,-18.9137,47.5361,0
Antipolo,14.6258,121.123,0
Antwerpen,51.2205,4.40026,0
Anyang,36.096,114.383,0
Anyang-si,37.3925,126.927,0
Aparecida de Goiania,-16.8233,-49.2439,0
Aracaju,-10.9111,-37.0717,0
Arak,34.0949,49.6981,0
Arequipa,-16.3989,-71.535,0
Asansol,23.6833,86.9833,0
Ashgabat,37.95,58.3833,0
Asmara,15.338,38.9318,0
As Sulaymaniyah,35.565,45.4329,0
Astrakhan,46.3497,48.0408,0
Asuncion,-25.2865,-57.647,0
Athens,37.9838,23.7278,70
Atlanta,33.749,-84.388,320
Aurangabad,19.8776,75.3423,0
Austin,30.2672,-97.7431,149
Azadshahr,34.7905,48.5701,0
Bacolod City,10.6667,122.95,0
Bagcilar,41.039,28.8567,0
Baghdad,33.3406,44.4009,0
Bahawalpur,29.3978,71.6752,0
Bahcelievler,41.0023,28.8598,0
Baise,23.8901,106.627,0
Baku,40.3777,49.892,0
Baltimore,39.2904,-76.6122,10
Bamako,12.65,-8.0,0
Banan,29.3786,106.54,0
Bandar Lampung,-5.42917,105.261,0
Bandung,-6.92222,107.607,0
Bangkok,13.754,100.501,0
Bangui,4.36122,18.555,0
Banjarmasin,-3.31987,114.591,0
Banqiao,25.0143,121.467,0
Baoding,38.8511,115.49,0
Baoji,34.3677,107.237,0
Baoshan,25.1163,99.1637,0
Baotou,40.6516,109.844,0
Barcelona,41.3888,2.15899,15
Bareilly,28.3668,79.4317,0
Barnaul,53.3606,83.7636,0
Barquisimeto,10.0647,-69.357,0
Barranquilla,10.9685,-74.7813,0
Basrah,30.5085,47.7804,0
Batam,1.14937,104.025,0
Battagram,34.6772,73.0233,0
Bayan Nur,40.7414,107.386,1050
Beihai,21.4835,109.115,0
Beijing,39.9075,116.397,0
Beira,-19.8436,34.8389,0
Beirut,33.8933,35.5016,0
Bekasi,-6.2349,106.99,0
Belem,-1.45583,-48.5044,0
Belford Roxo,-22.7642,-43.3994,0
Belgrade,44.804,20.4651,0
Belo Horizonte,-19.9208,-43.9378,888
Bengaluru,12.9719,77.5937,920
Bengbu,32.9408,117.361,0
Benghazi,32.1149,20.0686,0
Benin City,6.33815,5.62575,0
Benoni,-26.1885,28.3208,0
Benxi,41.2886,123.765,0
Berlin,52.5244,13.4105,74
Bhatpara,22.8664,88.4011,0
Bhavnagar,21.7629,72.1533,0
Bhayandar,19.3016,72.8511,0
Bhilai,21.2092,81.4285,0
Bhiwandi,19.3002,73.0588,0
Bhopal,23.2547,77.4029,0
Bhubaneshwar,20.2724,85.8338,0
Bien Hoa,10.9447,106.824,0
Bijie,27.3019,105.286,0
Bikaner,28.0176,73.3149,0
Bilimora,20.7696,72.9613,0
Binzhou,37.3667,118.017,0
Birmingham,52.4814,-1.89983,0
Bishkek,42.87,74.59,0
Blantyre,-15.785,35.0085,0
Bloemfontein,-29.1211,26.214,0
Bogor,-6.59444,106.789,0
Bogota,4.60971,-74.0817,0
Bokaro,23.6693,86.1516,0
Borivli,19.235,72.8598,0
Boston,42.3584,-71.0598,14
Bouake,7.69385,-5.03031,0
Boumerdas,36.7664,3.47717,0
Bozhou,33.8772,115.77,0
Brampton,43.6834,-79.7663,0
Brasilia,-15.7797,-47.9297,0
Brazzaville,-4.26613,15.2832,0
Bremen,53.0758,8.80717,0
Brisbane,-27.4679,153.028,0
Bristol,51.4552,-2.59665,0
Brooklyn,40.6501,-73.9496,15
Brussels,50.8504,4.34878,0
Bucaramanga,7.12539,-73.1198,0
Bucharest,44.4323,26.1063,0
Bucheon-si,37.4989,126.783,0
Budapest,47.4983,19.0404,0
Budta,7.20417,124.44,0
Buenos Aires,-34.6132,-58.3772,0
Bulawayo,-20.15,28.5833,0
Bursa,40.1956,29.0601,0
Busan,35.1017,129.03,0
Cairo,30.0626,31.2497,0
Calabar,4.95893,8.32695,0
Calgary,51.0501,-114.085,1048
Cali,3.43722,-76.5225,0
Callao,-12.0566,-77.1181,0
Caloocan City,14.6495,120.968,0
Camayenne,9.535,-13.6878,0
Campinas,-22.9056,-47.0608,0
Campo Grande,-20.4428,-54.6464,0
Cancun,21.1743,-86.8466,0
Cangzhou,38.3167,116.867,0
Cankaya,39.9179,32.8627,850
Can Tho,10.0371,105.788,0
Cape Town,-33.9258,18.4232,0
Caracas,10.488,-66.8792,0
Cartagena,10.3997,-75.5144,0
Casablanca,33.5883,-7.61138,0
Cebu City,10.3167,123.891,0
Chandigarh,30.7363,76.7884,0
Changchun,43.88,125.323,0
Changde,29.032,111.698,0
Changsha,28.1987,112.971,0
Changshu,31.6462,120.742,0
Changwon,35.2281,128.681,0
Changzhi,36.1839,113.105,0
Changzhou,31.7736,119.954,0
Chaozhou,23.654,116.623,0
Charlotte,35.2271,-80.8431,229
Chattogram,22.3384,91.8317,0
Chelyabinsk,55.154,61.4291,0
Chengdu,30.6667,104.067,0
Chennai,13.0878,80.2785,0
Chenzhou,25.8,113.033,0
Cheonan,36.8065,127.152,0
Cheongju-si,36.6372,127.49,0
Chiba,35.6,140.117,0
Chicago,41.85,-87.65,179
Chiclayo,-6.77137,-79.8409,0
Chihuahua,28.6353,-106.089,0
Chisinau,47.0056,28.8575,0
Chizhou,30.6613,117.478,0
Chongqing,29.5603,106.558,0
Chuzhou,32.3219,118.298,0
Cimahi,-6.87222,107.543,0
Ciudad Apodaca,25.7819,-100.188,0
Ciudad Guayana,8.35122,-62.641,0
Ciudad Juarez,31.7202,-106.461,0
Ciudad Lopez Mateos,19.5579,-99.2568,0
Ciudad Nezahualcoyotl,19.4006,-99.0148,0
Cixi,30.1764,121.246,0
Cochabamba,-17.3895,-66.1568,0
Cochin,9.93988,76.2602,0
Coimbatore,11.0056,76.9661,411
Colombo,6.93548,79.8487,0
Colorado Springs,38.8339,-104.821,1832
Columbus,39.9612,-82.9988,235
Conakry,9.53795,-13.6773,0
Constantine,36.365,6.61472,0
Contagem,-19.9317,-44.0536,0
Copenhagen,55.6759,12.5655,0
Cordoba,-31.4135,-64.1811,0
Cotonou,6.36536,2.41833,0
Coyoacan,19.3467,-99.1617,0
Cuauhtemoc,19.4451,-99.1461,0
Cuautitlan Izcalli,19.6439,-99.216,0
Cucuta,7.89391,-72.5078,0
Cuiaba,-15.5961,-56.0967,0
Culiacan,24.7903,-107.388,0
Curitiba,-25.4278,-49.2731,0
Cuttack,20.465,85.8793,0
Daegu,35.8703,128.591,0
Daejeon,36.3491,127.385,0
Dakar,14.6937,-17.4441,0
Dalian,38.9122,121.602,0
Dallas,32.7831,-96.8067,128
Damascus,33.5102,36.2913,0
Dammam,26.4344,50.1033,0
Da Nang,16.0678,108.221,0
Dandong,40.1292,124.395,0
Daqing,46.5833,125.0,0
Dar es Salaam,-6.82349,39.2695,0
Datong,40.0936,113.291,0
Davao,7.07306,125.613,0
Dazhou,31.2159,107.501,0
Dehra Dun,30.3244,78.0339,0
Delhi,28.652,77.2315,0
Denpasar,-8.65,115.217,0
Denver,39.7392,-104.985,1609
Depok,-6.4,106.819,0
Detroit,42.3314,-83.0458,183
Deyang,31.1302,104.382,0
Dezhou,37.4466,116.367,0
Dhaka,23.7104,90.4074,0
Dhanbad,23.7976,86.4299,0
Di An,10.9068,106.769,0
Diyarbakir,37.9136,40.2172,0
Djibouti,11.589,43.145,0
Dnipro,48.4666,35.0407,120
Dombivli,19.2167,73.0833,0
Donetsk,48.023,37.8022,0
Dongguan,23.018,113.749,0
Dongying,37.4627,118.492,0
Dortmund,51.5149,7.466,0
Douala,4.04827,9.70428,0
Dresden,51.0509,13.7383,0
Dubai,25.0772,55.3093,0
Dublin,53.3331,-6.24889,0
Duesseldorf,51.2217,6.77616,0
Duisburg,51.4325,6.76516,0
Duque de Caxias,-22.7856,-43.3117,0
Durban,-29.8579,31.0292,0
Durgapur,23.5158,87.308,0
Dushanbe,38.5358,68.7791,0
East London,-33.0153,27.9116,0
Ebute Ikorodu,6.60086,3.48818,0
Ecatepec de Morelos,19.6049,-99.0606,0
Edinburgh,55.9521,-3.19648,0
Edmonton,53.5501,-113.469,668
El Paso,31.7587,-106.487,1133
Enugu,6.44132,7.49883,0
Erbil,36.1833,44.0119,0
Erode,11.3428,77.7274,0
Esenler,41.0435,28.8762,0
Eskisehir,39.7767,30.5206,0
Essen,51.4566,7.01228,0
E'zhou,30.3961,114.887,0
Faisalabad,31.4155,73.0897,0
Faridabad,28.4112,77.3132,0
Feira de Santana,-12.2667,-38.9667,0
Fes,34.0331,-5.00028,0
Fortaleza,-3.71722,-38.5431,0
Fort Worth,32.7254,-97.3208,199
Foshan,23.0268,113.131,0
Frankfurt am Main,50.1155,8.68417,0
Freetown,8.48714,-13.2356,0
Fresno,36.7477,-119.772,94
Fukuoka,33.6,130.417,0
Fushun,41.8867,123.944,0
Fuxin,42.0156,121.659,0
Fuyang,32.9,115.817,0
Fuzhou,27.96,116.333,0
Ganzhou,25.8466,114.933,0
Gaziantep,37.0594,37.3825,0
Gdansk,54.3523,18.6491,0
General Santos,6.11278,125.172,0
Genoa,44.4048,8.94439,19
Ghaziabad,28.6653,77.4391,0
Giza,30.0094,31.2086,0
Glasgow,55.8652,-4.25763,0
Goeteborg,57.7072,11.9668,0
Goiania,-16.6786,-49.2539,0
Gold Coast,-28.0003,153.431,0
Gorakhpur,29.4477,75.6721,0
Goyang-si,37.6564,126.835,0
Guadalajara,20.6668,-103.392,0
Guadalupe,25.6768,-100.256,0
Guang'an,30.4741,106.637,0
Guangyuan,32.442,105.823,0
Guangzhou,23.1167,113.25,0
Guankou,28.1586,113.627,0
Guarulhos,-23.4628,-46.5333,0
Guatemala City,14.6407,-90.5133,0
Guayaquil,-2.19616,-79.8862,0
Guigang,23.116,109.595,0
Guilin,25.2802,110.296,0
Guiyang,26.5833,106.717,0
Gujranwala,32.1557,74.187,0
Gulbarga,17.3358,76.8376,0
Guli,28.8816,120.033,0
Guntur,16.2997,80.4573,0
Gustavo Adolfo Madero,19.4939,-99.1107,0
Guwahati,26.1844,91.7458,0
Gwalior,26.2298,78.1734,0
Gwangju,35.1547,126.916,0
Hachioji,35.6558,139.324,0
Haikou,20.0458,110.342,0
Haiphong,20.8648,106.683,0
Hamadan,34.7992,48.5146,0
Hamah,35.1318,36.7578,0
Hamamatsu,34.7,137.733,0
Hamburg,53.5507,9.99302,0
Hamhung,39.9183,127.536,0
Hamilton,43.2501,-79.8496,0
Handan,36.61,114.488,0
Hangzhou,30.2936,120.161,0
Hannover,52.3705,9.73322,0
Hanoi,21.0245,105.841,0
Hanzhong,33.0751,107.022,0
Haora,22.5769,88.3186,0
Harare,-17.8277,31.0534,0
Harbin,45.75,126.65,0
Hargeysa,9.56,44.065,0
Havana,23.133,-82.383,0
Hebi,35.8992,114.192,0
Hefei,31.8639,117.281,0
Hegang,47.3473,130.29,0
Helsinki,60.1695,24.9354,0
Hengshui,37.7322,115.701,0
Hengyang,26.8895,112.619,0
Hermosillo,29.1026,-110.977,0
Heyuan,23.7333,114.683,0
Heze,35.2393,115.474,0
Hezhou,24.4036,111.567,0
Himeji,34.8167,134.7,0
Hiroshima,34.4,132.45,0
Ho Chi Minh City,10.823,106.63,0
Hohhot,40.8106,111.652,0
Homs,34.7268,36.7234,0
Homyel',52.4345,30.9754,0
Honcho,35.7013,139.986,0
Hong Kong,22.2783,114.175,0
Houston,29.7633,-95.3633,12
Huai'an,33.5886,119.019,0
Huaibei,33.9744,116.792,0
Huaihua,27.5634,110.004,0
Huainan,32.6264,116.997,0
Huangshan,29.7114,118.312,0
Huangshi,30.2471,115.048,0
Hubli,15.3478,75.1338,627
Huizhou,23.1115,114.415,0
Huzhou,30.8703,120.093,0
Hwaseong-si,37.2068,126.817,0
Hyderabad,17.3841,78.4564,0
Ibadan,7.37756,3.90591,0
Ilorin,8.49664,4.54214,0
Incheon,37.4565,126.705,0
Indianapolis,39.7684,-86.158,218
Indore,22.7179,75.8333,0
Ipoh,4.5841,101.083,0
Irkutsk,52.2978,104.296,0
Isfahan,32.6525,51.6746,0
Islamabad,33.7215,73.0433,0
Istanbul,41.0138,28.9497,0
Izhevsk,56.8498,53.2045,0
Izmir,38.4127,27.1384,0
Iztapalapa,19.3553,-99.0622,0
Jabalpur,23.167,79.9501,0
Jaboatao,-8.18028,-35.0014,0
Jaboatao dos Guararapes,-8.11278,-35.0147,0
Jacksonville,30.3322,-81.6556,5
Jaipur,26.9196,75.7878,0
Jakarta,-6.21462,106.845,0
Jalandhar,31.3256,75.5792,0
Jammu,32.7357,74.8691,0
Jamnagar,22.4729,70.0667,0
Jamshedpur,22.8028,86.1854,0
Jeddah,21.4901,39.1862,0
Jeju City,33.5097,126.522,0
Jeonju,35.8219,127.149,0
Jerusalem,31.769,35.2163,0
Jiamusi,46.7971,130.311,0
Ji'an,27.1172,114.979,0
Jiangmen,22.5833,113.083,0
Jiangyin,31.911,120.263,0
Jianshui,24.2774,101.224,0
Jiaojiang,28.6984,121.473,0
Jiaozhou,36.2839,120.003,0
Jiaozuo,35.2397,113.233,0
Jiaxing,30.7522,120.75,0
Jieyang,23.5418,116.366,0
Jilin,43.8508,126.56,0
Jinan,36.6683,116.997,0
Jincheng,35.5022,112.833,0
Jingdezhen,29.2947,117.208,0
Jingmen,31.0336,112.205,0
Jingzhou,30.3503,112.19,0
Jinhua,29.1068,119.644,0
Jining,35.405,116.581,0
Jinjiang,24.8198,118.574,0
Jinzhong,37.684,112.755,0
Jinzhou,41.1078,121.142,0
Jiujiang,29.7048,116.002,0
Joao Pessoa,-7.115,-34.8631,0
Jodhpur,26.2684,73.0059,0
Johannesburg,-26.2023,28.0436,0
Johor Bahru,1.4655,103.758,0
Joinville,-26.3044,-48.8456,0
Jos,9.92849,8.89212,0
Juiz de Fora,-21.7642,-43.3503,0
Kabul,34.5281,69.1723,0
Kaduna,10.5264,7.43879,0
Kagoshima,31.5667,130.55,0
Kahriz,34.3838,47.0553,0
Kaifeng,34.7986,114.307,0
Kalininskiy,59.9967,30.3899,0
Kallakurichi,11.7338,78.9593,0
Kalyan,19.2437,73.1355,0
Kampala,0.31628,32.5822,0
Kampung Baru Subang,3.15,101.533,0
Kananga,-5.89624,22.4166,0
Kanazawa,36.6,136.617,0
Kano,12.0001,8.51672,0
Kanpur,26.4652,80.3497,0
Kansas City,39.0997,-94.5786,274
Kaohsiung,22.6163,120.313,0
Karabaglar,38.374,27.1352,0
Karachi,24.8608,67.0104,0
Karagandy,49.8019,73.1021,0
Karaj,35.8327,50.9916,0
Karol Bagh,28.6514,77.1907,0
Kashgar,39.4707,75.9895,0
Kathmandu,27.7017,85.3206,1317
Kawaguchi,35.8052,139.711,0
Kawasaki,35.5206,139.717,0
Kayseri,38.7322,35.4853,0
Kazan,55.7887,49.1221,0
Kemerovo,55.3333,86.0833,0
Kerman,30.2832,57.0788,0
Kermanshah,34.3142,47.065,0
Khabarovsk,48.4827,135.084,0
Khabarovsk Vtoroy,48.4378,135.133,0
Kharkiv,49.9808,36.2527,0
Khartoum,15.5518,32.5324,0
Khulna,22.8098,89.5644,0
Kigali,-1.94995,30.0588,0
Kimhae,35.2342,128.881,0
Kingston,17.997,-76.7936,0
Kinshasa,-4.32758,15.3136,0
Kirkuk,35.4681,44.3922,0
Kirov,58.5966,49.6601,0
Kisangani,0.51528,25.191,0
Kitakyushu,33.8518,130.85,0
Klang,3.03667,101.443,0
Kobe,34.6913,135.183,0
Koeln,50.9333,6.95,0
Kolhapur,16.6956,74.2317,0
Kolkata,22.5626,88.363,0
Konya,37.8713,32.4846,0
Korla,41.7606,86.1523,0
Kota,25.1825,75.8391,0
Kota Bharu,6.12361,102.243,0
Kota Kinabalu,5.9749,116.072,0
Kotli,33.5184,73.9022,0
Kowloon,22.3167,114.183,0
Kozhikode,11.248,75.7804,0
Krakow,50.0614,19.9366,0
Krasnodar,45.0448,38.976,0
Krasnoyarsk,56.0184,92.8672,0
Kryvyy Rih,47.9057,33.394,84
Kuala Lumpur,3.1412,101.687,0
Kuching,1.55,110.333,0
Kumamoto,32.8059,130.692,0
Kumasi,6.68848,-1.62443,0
Kunming,25.0389,102.718,0
Kunshan,31.3776,120.954,0
Kurnool,15.8289,78.036,0
Kyiv,50.4547,30.5238,0
Kyoto,35.0211,135.754,0
Lagos,6.45407,3.39467,0
Lahore,31.558,74.3507,0
Laibin,23.7474,109.222,0
Laiwu,36.1928,117.657,0
Langfang,39.5097,116.695,0
Lanzhou,36.057,103.84,0
La Paz,-16.5,-68.15,0
La Plata,-34.9215,-57.9545,0
Las Pinas,14.4506,120.983,0
Las Vegas,36.175,-115.137,610
Leeds,53.7965,-1.54785,0
Leicester,52.6386,-1.13169,0
Leipzig,51.3396,12.3713,0
Leon de los Aldama,21.1291,-101.674,0
Leshan,29.5623,103.764,0
Lianyungang,34.5984,119.216,0
Liaocheng,36.4506,116.002,0
Liaoyang,41.2719,123.173,0
Liaoyuan,42.9036,125.136,0
Libreville,0.39241,9.45356,0
Lilongwe,-13.9669,33.7873,0
Lima,-12.0432,-77.0282,0
Linfen,36.0889,111.519,0
Linyi,35.0631,118.343,0
Lipetsk,52.6031,39.5708,0
Lisbon,38.7167,-9.13333,0
Lishui,28.4604,119.91,0
Liupanshui,26.5944,104.833,0
Liuzhou,24.3241,109.407,0
Liverpool,53.4106,-2.97794,0
Lodz,51.7706,19.4739,0
Lome,6.12874,1.22154,0
London,51.5085,-0.12574,0
Londrina,-23.3103,-51.1628,0
Long Beach,33.767,-118.189,9
Longyan,25.0749,117.018,0
Los Angeles,34.0522,-118.244,89
Loudi,27.7344,111.994,0
Lu'an,31.7356,116.517,0
Luancheng,37.8792,114.652,0
Luanda,-8.83682,13.2343,0
Lubumbashi,-11.6609,27.4794,0
Lucknow,26.8393,80.9231,0
Ludhiana,30.912,75.8538,0
Luhansk,48.5671,39.3171,0
Luohe,33.5639,114.043,0
Luoyang,34.6836,112.454,0
Lusaka,-15.4067,28.2871,0
Luzhou,28.8903,105.426,0
Lviv,49.8383,24.0232,0
Lyon,45.7485,4.84671,0
Ma'anshan,31.6858,118.51,0
Macau,22.2006,113.546,0
Maceio,-9.66583,-35.7353,0
Madrid,40.4165,-3.70256,0
Madurai,9.919,78.1195,0
Maiduguri,11.8469,13.1571,0
Makassar,-5.14861,119.432,0
Makati City,14.5503,121.033,0
Makhachkala,42.9764,47.5024,0
Malaga,36.7202,-4.42034,0
Malang,-7.9797,112.63,0
Malingao,7.16083,124.475,0
Manado,1.48218,124.849,0
Managua,12.1328,-86.2504,0
Manaus,-3.10194,-60.025,0
Mandalay,21.9747,96.0836,0
Manhattan,40.7834,-73.9662,35
Manila,14.6042,120.982,0
Mansilingan,10.6311,122.979,0
Maoming,21.6663,110.914,0
Maputo,-25.9655,32.5832,0
Maracaibo,10.6666,-71.6124,0
Maracay,10.2353,-67.5911,0
Mar del Plata,-38.0004,-57.5562,0
Marrakesh,31.6342,-7.99994,0
Marseille,43.297,5.38107,0
Mashhad,36.2981,59.6057,0
Masina,-4.38361,15.3914,0
Matola,-25.9622,32.4589,0
Matsudo,35.7799,139.901,0
Maturin,9.74569,-63.1832,0
Mbuji-Mayi,-6.13603,23.5898,0
Mecca,21.4266,39.8256,0
Medan,3.58333,98.6667,0
Medellin,6.25184,-75.5636,1405
Medina,24.4686,39.6142,0
Meerut,28.98,77.7064,0
Meishan,30.0439,103.837,0
Meizhou,24.2886,116.118,0
Meknes,33.8935,-5.54727,0
Melbourne,-37.814,144.963,0
Memphis,35.1495,-90.049,78
Mendoza,-32.8908,-68.8272,0
Merida,20.9754,-89.617,0
Mersin,36.812,34.6389,0
Mesa,33.4223,-111.823,378
Mexicali,32.6278,-115.454,0
Mexico City,19.4285,-99.1277,0
Mianyang,31.4678,104.682,0
Milan,45.4643,9.18951,122
Milwaukee,43.0389,-87.9065,188
Minsk,53.9,27.5667,0
Mississauga,43.5789,-79.6583,0
Mixco,14.6308,-90.6071,0
Mogadishu,2.03711,45.3438,0
Mombasa,-4.05466,39.6636,0
Monrovia,6.30054,-10.7969,0
Monterrey,25.6751,-100.318,0
Montevideo,-34.9033,-56.1882,0
Montreal,45.5088,-73.5878,0
Moradabad,28.8389,78.7768,0
Morelia,19.7008,-101.184,0
Moscow,55.7522,37.6156,0
Mosul,36.335,43.1189,0
Mudanjiang,44.548,129.626,0
Multan,30.1968,71.4782,0
Mumbai,19.0728,72.8826,0
Munich,48.1374,11.5755,0
Muscat,23.5841,58.4078,0
Muzaffarabad,34.37,73.4708,0
Mykolayiv,46.9762,31.993,42
Mysore,12.2979,76.6393,0
Naberezhnyye Chelny,55.7254,52.4112,0
Nagoya,35.1815,136.906,0
Nagpur,21.1463,79.0849,0
Nairobi,-1.28333,36.8167,0
Najaf,32.0259,44.3462,0
Najafgarh,28.6092,76.9798,0
Namp'o,38.7375,125.408,0
Nanchang,28.684,115.853,0
Nanchong,30.7951,106.085,0
Nanded,19.1602,77.315,0
Nanjing,32.0617,118.778,0
Nanning,22.8167,108.317,0
Nanping,26.645,118.174,0
Nantong,32.0303,120.875,0
Nanyang,32.9947,112.533,0
Naples,40.8522,14.2681,17
Narela,28.8527,77.0929,0
Nashik,19.9973,73.791,0
Nashville,36.1659,-86.7844,170
Natal,-5.795,-35.2094,0
Naucalpan de Juarez,19.4785,-99.2396,0
Navi Mumbai,19.0368,73.0158,0
Nay Pyi Taw,19.745,96.1297,0
N'Djamena,12.1067,15.0444,0
Neijiang,29.5835,105.062,0
New Kingston,18.0075,-76.7832,0
New South Memphis,35.0868,-90.0568,79
New York City,40.7143,-74.006,10
Niamey,13.5137,2.1098,0
Niigata,37.8864,139.006,0
Ningbo,29.8782,121.549,0
Nishinomiya-hama,34.7156,135.332,0
Niteroi,-22.8833,-43.1036,0
Nizhniy Novgorod,56.3287,44.002,0
Nouakchott,18.0858,-15.9785,0
Nova Iguacu,-22.7592,-43.4511,0
Novokuznetsk,53.7557,87.1099,0
Novosibirsk,55.0415,82.9346,0
Nowrangapur,19.2311,82.5483,0
Nuernberg,49.4542,11.0775,0
Nyala,12.0489,24.8807,0
Odessa,46.4857,30.7438,50
Okayama,34.65,133.933,0
Okene,7.55122,6.23589,0
Oklahoma City,35.4676,-97.5164,366
Omaha,41.2563,-95.9404,323
Omdurman,15.6445,32.4777,0
Omsk,54.9924,73.3686,0
Onitsha,6.14978,6.78569,0
Oran,35.6991,-0.63588,0
Ordos,39.6086,109.782,2149
Orenburg,51.7727,55.0988,0
Orumiyeh,37.5527,45.076,0
Osaka,34.6937,135.502,0
Osasco,-23.5325,-46.7917,0
Oslo,59.9127,10.7461,0
Ottawa,45.4112,-75.6981,0
Ouagadougou,12.3657,-1.53388,0
Oyo,7.85257,3.93125,0
Padang,-0.94924,100.354,0
Palembang,-2.91673,104.746,0
Palermo,38.132,13.3356,14
Panshan,41.1881,122.049,0
Panzhihua,26.5851,101.713,0
Paris,48.8534,2.3488,0
Pasig City,14.5869,121.061,0
Pasragad Branch,34.7777,48.4717,1000
Patna,25.5941,85.1356,0
Pekanbaru,0.51667,101.442,0
Penza,53.2007,45.0046,0
Perm,58.0105,56.2502,0
Perth,-31.9522,115.861,0
Peshawar,34.008,71.5785,0
Petaling Jaya,3.10726,101.607,0
Philadelphia,39.9523,-75.1638,12
Phnom Penh,11.5625,104.916,0
Phoenix,33.4484,-112.074,331
Pietermaritzburg,-29.6168,30.3928,0
Pikine,14.7646,-17.3907,0
Pimpri,18.6229,73.807,0
Pingdingshan,33.7385,113.301,0
Pingdu,36.7844,119.946,0
Pingliang,35.5392,106.686,0
Pingxiang,27.6167,113.854,0
Pohang,36.0292,129.365,0
Pointe-Noire,-4.77609,11.8635,0
Pontianak,-0.03194,109.325,0
Port-au-Prince,18.5435,-72.3388,0
Port Elizabeth,-33.9611,25.6149,0
Port Harcourt,4.77742,7.0134,0
Portland,45.5234,-122.676,12
Porto Alegre,-30.0328,-51.2302,0
Port Said,31.2653,32.3019,0
Port Sudan,19.6175,37.2164,0
Poznan,52.4069,16.9299,0
Prague,50.088,14.4208,0
Pretoria,-25.7449,28.1878,0
Pristina,42.6727,21.1669,0
Puducherry,11.9338,79.8298,0
Puebla,19.0379,-98.2035,0
Puente Alto,-33.6117,-70.5758,0
Pune,18.5196,73.8553,0
Puning,23.3107,116.169,0
Putian,25.4394,119.01,0
Puyang,29.4568,119.889,0
Pyongyang,39.0339,125.754,0
Qingdao,36.0649,120.38,0
Qingyuan,23.7,113.033,0
Qinhuangdao,39.9317,119.588,0
Qinzhou,21.9825,108.651,0
Qionghai,19.2425,110.464,0
Qiqihar,47.3392,123.962,0
Qom,34.6401,50.8764,0
Quanzhou,24.9139,118.586,0
Quebec,46.8123,-71.2145,0
Queens,40.6815,-73.8365,12
Quetta,30.1841,67.0014,0
Quezon City,14.6488,121.051,0
Quito,-0.22985,-78.5249,0
Qujing,25.4833,103.783,0
Quzhou,28.9594,118.869,0
Rabat,34.0132,-6.83255,0
Rahim Yar Khan,28.4199,70.3035,0
Raipur,21.2333,81.6333,0
Rajkot,22.2916,70.7932,0
Rajshahi,24.374,88.6011,0
Raleigh,35.7721,-78.6386,96
Ramgundam,18.8008,79.4521,0
Ranchi,23.3432,85.3094,0
Ra's Bayrut,33.9,35.4833,0
Rasht,37.2761,49.5886,0
Raurkela,22.225,84.8641,0
Rawalpindi,33.5973,73.0479,0
Recife,-8.05389,-34.8811,0
Reynosa,26.0806,-98.2884,0
Ribeirao Preto,-21.1775,-47.8103,0
Riga,56.946,24.1059,0
Rio de Janeiro,-22.9064,-43.1822,0
Riyadh,24.6877,46.7219,0
Rizhao,35.4141,119.529,0
Rohini,28.7432,77.0678,0
Rome,41.8919,12.5113,20
Rosario,-32.9468,-60.6393,0
Rostov-na-Donu,47.2313,39.7233,0
Rotterdam,51.9225,4.47917,0
Rui'an,27.7761,120.659,0
Ruiru,-1.14665,36.9609,0
Ryazan',54.6269,39.6916,0
Sacramento,38.5816,-121.494,9
Saharanpur,29.9679,77.5452,0
Saint Petersburg,59.9386,30.3141,0
Saitama,35.9081,139.657,0
Sakai,34.5833,135.467,0
Sale,34.0531,-6.79846,0
Salem,11.6538,78.1554,0
Salta,-24.7859,-65.4117,0
Saltillo,25.4232,-101.005,0
Salvador,-12.9711,-38.5108,0
Samara,53.2001,50.15,0
Sanaa,15.3547,44.2067,0
San Antonio,29.4241,-98.4936,198
San Diego,32.7157,-117.165,20
San Francisco,37.7749,-122.419,16
Sangli,16.8544,74.5642,0
San Jose,37.3394,-121.895,26
San Luis Potosi,22.1498,-100.979,0
Sanmenxia,34.7747,111.181,0
San Miguel de Tucuman,-26.8241,-65.2226,0
Sanming,26.2486,117.619,0
San Pedro Sula,15.5042,-88.025,0
San Salvador,13.6894,-89.1872,0
Santa Cruz de la Sierra,-17.7863,-63.1812,0
Santa Fe,-31.6488,-60.7087,0
Santa Maria Chimalhuacan,19.4216,-98.9504,0
Santiago,-33.4569,-70.6483,0
Santiago de Cuba,20.0208,-75.8267,0
Santiago de los Caballeros,19.4517,-70.697,0
Santiago de Queretaro,20.5881,-100.388,0
Santo Andre,-23.6639,-46.5383,0
Santo Domingo,18.4719,-69.8923,0
Santo Domingo Este,18.4885,-69.8571,0
Santo Domingo Oeste,18.5,-70.0,0
Sanya,18.2431,109.505,0
Sao Bernardo do Campo,-23.6939,-46.565,0
Sao Joao de Meriti,-22.8039,-43.3722,0
Sao Jose dos Campos,-23.1794,-45.8869,600
Sao Luis,-2.52972,-44.3028,0
Sao Paulo,-23.5475,-46.6361,0
Sapporo,43.0667,141.35,0
Sarajevo,43.8486,18.3564,0
Saratov,51.5406,46.0086,0
Sargodha,32.0859,72.6742,0
Seattle,47.6062,-122.332,56
Semarang,-6.99306,110.421,0
Sendai,38.2667,140.867,0
Seongnam-si,37.4386,127.138,0
Seoul,37.566,126.978,0
Sevastopol,44.6079,33.5213,50
Sevilla,37.3828,-5.97317,0
Shah Alam,3.08507,101.533,0
Shanghai,31.2222,121.458,0
Shangluo,33.8667,109.931,0
Shangqiu,34.45,115.65,0
Shangrao,28.4518,117.943,0
Shangyu,30.0156,120.871,0
Shantou,23.3681,116.715,0
Shanwei,22.782,115.348,0
Shaoguan,24.8,113.583,0
Shaoxing,30.0024,120.579,0
Shaoyang,27.2382,111.462,0
Sharjah,25.3374,55.4121,0
Sheffield,53.383,-1.4659,0
Shenyang,41.7922,123.433,0
Shenzhen,22.5455,114.068,0
Shihezi,44.3023,86.0369,0
Shijiazhuang,38.0414,114.479,0
Shiraz,29.6103,52.5311,0
Shivaji Nagar,18.5302,73.8526,1000
Shiyan,32.6475,110.778,0
Shizuishan,38.9808,106.389,0
Shizuoka,34.9833,138.383,0
Shouguang,36.88,118.738,0
Shuangyashan,46.6769,131.133,0
Sialkot,32.4927,74.5313,0
Siliguri,26.71,88.4285,0
Singapore,1.28967,103.85,0
Siping,43.1614,124.378,0
Situbondo,-7.70623,114.01,0
Skopje,41.9965,21.4314,0
Sofia,42.6975,23.3242,0
Sokoto,13.0627,5.24322,0
Solapur,17.6715,75.9104,0
Sorocaba,-23.5017,-47.4581,0
South Boston,42.3334,-71.0495,14
South Tangerang,-6.28862,106.718,0
Soweto,-26.2678,27.8585,0
Srinagar,34.0857,74.8055,0
Staten Island,40.5623,-74.1399,21
Stockholm,59.3294,18.0687,0
Stuttgart,48.7823,9.17702,0
Subang Jaya,3.04384,101.581,0
Suez,29.9737,32.5263,0
Suining,30.508,105.573,0
Suizhou,31.7111,113.363,0
Sultanah,24.4926,39.5857,0
Suqian,33.9492,118.296,0
Surabaya,-7.24917,112.751,0
Surakarta,-7.55611,110.832,0
Surat,21.1959,72.8302,0
Suwon,37.2911,127.009,0
Suzhou,33.6361,116.979,0
Sydney,-33.8679,151.207,0
Tabriz,38.08,46.2919,0
Tabuk,28.3998,36.5715,0
Taguig,14.5243,121.079,0
Tai'an,36.1853,117.12,0
Taicang,31.4478,121.094,0
Taichung,24.1469,120.684,0
Ta'if,21.2703,40.4158,0
Tainan,22.9908,120.213,0
Taipei,25.0478,121.532,0
Taiyuan,37.8694,112.56,0
Taiz,13.5795,44.0209,1400
Taizhou,32.4907,119.908,0
Takeo,10.9908,104.785,0
Tangerang,-6.17806,106.63,0
Tanggu,39.0211,117.647,0
Tangier,35.7673,-5.79975,0
Tangshan,39.6333,118.183,0
Tashkent,41.2646,69.2163,0
Tbilisi,41.6941,44.8337,0
Tebessa,35.4042,8.12417,0
Tegucigalpa,14.0818,-87.2068,0
Tehran,35.6944,51.4215,0
Tembisa,-25.9964,28.2268,0
Teni,10.0112,77.4777,0
Teresina,-5.08917,-42.8019,0
Thane,19.197,72.9635,0
The Bronx,40.8498,-73.8664,23
The Hague,52.0767,4.29861,0
Thiruvananthapuram,8.4855,76.9492,0
Thuan An,10.9239,106.714,0
Tianjin,39.1422,117.177,0
Tianshui,34.5795,105.742,0
Tijuana,32.5027,-117.004,0
Tiruchirappalli,10.8155,78.6965,0
Tirunelveli,8.72742,77.6838,0
Tiruppur,11.1154,77.3546,0
Tlalnepantla,19.5401,-99.1954,0
Tlalpan,19.2951,-99.1621,0
Tlaquepaque,20.6409,-103.293,0
Tokyo,35.6895,139.692,0
Toluca,19.2879,-99.6532,0
Tolyatti,53.5303,49.3461,42
Tomsk,56.4977,84.9744,0
Tonghua,41.7197,125.926,0
Toronto,43.7001,-79.4163,0
Torreon,25.5439,-103.419,0
Touba,14.85,-15.8833,0
Tripoli,32.8874,13.1873,0
Trujillo,-8.11599,-79.03,0
Tucson,32.2217,-110.926,759
Tula,54.1961,37.6182,0
Tunis,36.819,10.1658,0
Turin,45.0705,7.68682,239
Tuxtla,16.7597,-93.1131,0
Tyumen,57.1522,65.5272,0
Uberlandia,-18.9186,-48.2772,0
UEruemqi,43.801,87.6005,0
UEskuedar,41.0227,29.0137,0
Ufa,54.7431,55.9678,0
Uijeongbu-si,37.7415,127.047,0
Ujjain,23.1824,75.7764,0
Ulan Bator,47.9077,106.883,0
Ulhasnagar,19.2167,73.15,0
Ulsan,35.5372,129.317,0
Ulyanovsk,54.3282,48.3866,0
Umraniye,41.0164,29.1248,0
Vadodara,22.2994,73.2081,0
Valencia,39.4697,-0.37739,15
Vancouver,49.2497,-123.119,0
Varanasi,25.3167,83.0104,0
Vellore,12.9184,79.1326,0
Vereeniging,-26.6731,27.9261,0
Victoria de Durango,24.0203,-104.658,0
Vienna,48.2085,16.3721,171
Vijayawada,16.5075,80.6466,0
Vilnius,54.6892,25.2798,0
Virginia Beach,36.8529,-75.978,3
Visakhapatnam,17.6801,83.2016,0
Vladivostok,43.1056,131.874,0
Volgograd,48.7194,44.5018,0
Voronezh,51.672,39.1843,0
Wanning,18.7993,110.384,0
Wanzhou,30.7645,108.396,0
Warangal,18.0,79.5833,0
Warri,5.51737,5.75006,0
Warsaw,52.2298,21.0118,0
Washington,38.8951,-77.0364,7
Weifang,36.71,119.102,0
Weihai,37.5091,122.114,0
Weinan,34.5036,109.509,0
Wenchang,19.6157,110.749,0
Wenzhou,27.9994,120.667,0
Winnipeg,49.8844,-97.147,0
Wroclaw,51.1,17.0333,0
Wuhan,30.5833,114.267,0
Wuhu,31.3373,118.374,0
Wuwei,37.9267,102.632,0
Wuxi,31.5689,120.289,0
Wuzhou,23.4805,111.288,0
Xiamen,24.4798,118.082,0
Xi'an,34.2583,108.929,0
Xiangtan,27.85,112.9,0
Xiangyang,32.0422,112.145,0
Xianning,29.8435,114.322,0
Xianyang,34.3378,108.703,0
Xiaogan,30.9269,113.922,0
Xichang,27.8964,102.263,0
Xingtai,37.0631,114.494,0
Xining,36.6255,101.757,0
Xinxiang,35.1903,113.802,0
Xinyang,32.1228,114.066,0
Xinyu,27.8043,114.933,0
Xinzhou,38.4092,112.733,0
Xuanzhou,30.9525,118.755,0
Xuchang,34.0319,113.863,0
Xuzhou,34.2044,117.284,0
Ya'an,29.9852,102.999,0
Yan'an,36.5989,109.492,0
Yancheng,33.3575,120.157,0
Yangjiang,21.8556,111.963,0
Yangon,16.8053,96.1561,0
Yangquan,37.8575,113.563,0
Yangzhou,32.3972,119.436,0
Yantai,37.4765,121.441,0
Yaounde,3.86667,11.5167,0
Yaroslavl,57.6299,39.8737,0
Yazd,31.8972,54.3675,0
Yekaterinburg,56.8519,60.6122,0
Yerevan,40.1811,44.5136,0
Yibin,28.7593,104.64,0
Yichang,30.7144,111.285,0
Yichun,27.8333,114.4,0
Yinchuan,38.4681,106.273,0
Yingkou,40.6647,122.232,0
Yiwu,29.3151,120.077,0
Yixing,31.3606,119.82,0
Yiyang,28.5892,112.328,0
Yogyakarta,-7.80139,110.365,0
Yokohama,35.4333,139.65,0
Yongzhou,26.4239,111.613,0
Yueyang,29.3745,113.095,0
Yulin,22.6305,110.147,0
Yuncheng,35.0231,110.993,0
Yunfu,22.9279,112.038,0
Zagreb,45.8144,15.978,0
Zahedan,29.4963,60.8629,0
Zamboanga,6.91028,122.074,0
Zaozhuang,34.8647,117.554,0
Zapopan,20.7236,-103.385,0
Zaporizhzhya,47.8517,35.1171,105
Zaragoza,41.6561,-0.87734,0
Zaria,11.1113,7.7227,0
Zarqa,32.0728,36.088,0
Zhabei,31.2586,121.46,0
Zhangjiagang,31.865,120.539,0
Zhangjiakou,40.7834,114.871,0
Zhangye,38.9342,100.452,0
Zhangzhou,24.5133,117.656,0
Zhanjiang,21.2339,110.387,0
Zhaoqing,23.0489,112.461,0
Zhaotong,27.3167,103.717,0
Zhengzhou,34.7578,113.649,0
Zhenjiang,32.2109,119.455,0
Zhongshan,22.5231,113.379,0
Zhoukou,33.6333,114.633,0
Zhoushan,29.9887,122.205,0
Zhucheng,35.9947,119.397,0
Zhu Cheng City,35.995,119.403,0
Zhuhai,22.2769,113.568,0
Zhumadian,32.9794,114.029,0
Zhuzhou,27.8333,113.15,0
Zibo,36.7906,118.063,0
Zigong,29.3416,104.777,0
Ziyang,30.1211,104.648,0
Zunyi,27.6867,106.907,0
